<keymap version="1" name="Emacs+ copy" parent="Emacs">
  <action id="$Copy">
    <keyboard-shortcut first-keystroke="meta c" />
  </action>
  <action id="$Cut">
    <keyboard-shortcut first-keystroke="meta x" />
  </action>
  <action id="$Paste">
    <keyboard-shortcut first-keystroke="meta v" />
  </action>
  <action id="$Undo">
    <keyboard-shortcut first-keystroke="ctrl slash" />
  </action>
  <action id="Arrangement.Rule.Match.Condition.Move.Up" />
  <action id="AutoIndentLines">
    <keyboard-shortcut first-keystroke="ctrl alt q" />
  </action>
  <action id="Back">
    <keyboard-shortcut first-keystroke="ctrl alt left" />
    <mouse-shortcut keystroke="button4" />
    <keyboard-shortcut first-keystroke="alt comma" />
  </action>
  <action id="BraceOrQuoteOut" />
  <action id="CallHierarchy">
    <keyboard-shortcut first-keystroke="ctrl alt h" />
    <keyboard-shortcut first-keystroke="shift ctrl h" />
  </action>
  <action id="ChangesView.AddUnversioned" />
  <action id="CheckinProject" />
  <action id="CodeInspection.OnEditor" />
  <action id="CollapseAll">
    <keyboard-shortcut first-keystroke="ctrl subtract" />
  </action>
  <action id="CollapseBlock" />
  <action id="CollapseExpandableComponent">
    <keyboard-shortcut first-keystroke="shift enter" />
    <keyboard-shortcut first-keystroke="ctrl subtract" />
  </action>
  <action id="CollapseRegion">
    <keyboard-shortcut first-keystroke="ctrl subtract" />
    <keyboard-shortcut first-keystroke="shift ctrl minus" />
  </action>
  <action id="CommentByLineComment">
    <keyboard-shortcut first-keystroke="ctrl c" second-keystroke="ctrl c" />
  </action>
  <action id="CompareTwoFiles" />
  <action id="Console.History.Browse" />
  <action id="Console.TableResult.NavigateAction" />
  <action id="ContextHelp" />
  <action id="Diagram.DeselectAll" />
  <action id="Diff.KeymapGroup">
    <keyboard-shortcut first-keystroke="ctrl c" second-keystroke="ctrl e" />
  </action>
  <action id="Diff.ShowDiff" />
  <action id="EditSource" />
  <action id="Editor Copy">
    <keyboard-shortcut first-keystroke="meta c" />
  </action>
  <action id="Editor Cut">
    <keyboard-shortcut first-keystroke="meta x" />
  </action>
  <action id="Editor Paste">
    <keyboard-shortcut first-keystroke="meta v" />
  </action>
  <action id="EditorChooseLookupItemReplace" />
  <action id="EditorCloneCaretAbove">
    <keyboard-shortcut first-keystroke="shift ctrl comma" />
  </action>
  <action id="EditorCloneCaretBelow">
    <keyboard-shortcut first-keystroke="shift ctrl period" />
  </action>
  <action id="EditorCodeBlockEnd">
    <keyboard-shortcut first-keystroke="ctrl alt d" />
  </action>
  <action id="EditorCodeBlockEndWithSelection">
    <keyboard-shortcut first-keystroke="shift ctrl alt d" />
  </action>
  <action id="EditorCodeBlockStart">
    <keyboard-shortcut first-keystroke="ctrl alt u" />
  </action>
  <action id="EditorCodeBlockStartWithSelection">
    <keyboard-shortcut first-keystroke="shift ctrl alt u" />
  </action>
  <action id="EditorCutLineBackward" />
  <action id="EditorCutLineEnd" />
  <action id="EditorDeleteToLineEnd">
    <keyboard-shortcut first-keystroke="ctrl k" />
  </action>
  <action id="EditorDeleteToWordEnd">
    <keyboard-shortcut first-keystroke="ctrl delete" />
    <keyboard-shortcut first-keystroke="alt d" />
  </action>
  <action id="EditorDeleteToWordStart">
    <keyboard-shortcut first-keystroke="alt back_space" />
  </action>
  <action id="EditorEscape">
    <keyboard-shortcut first-keystroke="escape" second-keystroke="escape" />
  </action>
  <action id="EditorIndentSelection" />
  <action id="EditorJoinLines">
    <keyboard-shortcut first-keystroke="ctrl u" second-keystroke="shift alt 6" />
    <keyboard-shortcut first-keystroke="ctrl u" second-keystroke="alt circumflex" />
  </action>
  <action id="EditorKillRegion" />
  <action id="EditorKillToWordEnd" />
  <action id="EditorKillToWordStart" />
  <action id="EditorNextWord">
    <keyboard-shortcut first-keystroke="ctrl alt f" />
    <keyboard-shortcut first-keystroke="alt f" />
  </action>
  <action id="EditorPreviousWord">
    <keyboard-shortcut first-keystroke="ctrl alt b" />
    <keyboard-shortcut first-keystroke="alt b" />
  </action>
  <action id="EditorScrollToCenter" />
  <action id="EditorSelectWord">
    <keyboard-shortcut first-keystroke="alt at" />
    <keyboard-shortcut first-keystroke="shift alt 2" />
    <keyboard-shortcut first-keystroke="ctrl equals" />
  </action>
  <action id="EditorStartNewLine">
    <keyboard-shortcut first-keystroke="ctrl m" />
  </action>
  <action id="EditorSwapSelectionBoundaries" />
  <action id="EditorTab">
    <keyboard-shortcut first-keystroke="tab" />
  </action>
  <action id="EditorTextEnd">
    <keyboard-shortcut first-keystroke="shift alt period" />
    <keyboard-shortcut first-keystroke="alt greater" />
  </action>
  <action id="EditorTextStart">
    <keyboard-shortcut first-keystroke="shift alt comma" />
    <keyboard-shortcut first-keystroke="alt less" />
  </action>
  <action id="EditorUnSelectWord">
    <keyboard-shortcut first-keystroke="shift ctrl w" />
    <keyboard-shortcut first-keystroke="ctrl minus" />
  </action>
  <action id="Emacs+.AppendNextKill">
    <keyboard-shortcut first-keystroke="ctrl alt w" />
  </action>
  <action id="Emacs+.BackToIndentation">
    <keyboard-shortcut first-keystroke="alt m" />
    <keyboard-shortcut first-keystroke="escape" second-keystroke="m" />
  </action>
  <action id="Emacs+.BackwardWord">
    <keyboard-shortcut first-keystroke="ctrl left" />
    <keyboard-shortcut first-keystroke="alt left" />
    <keyboard-shortcut first-keystroke="alt b" />
    <keyboard-shortcut first-keystroke="escape" second-keystroke="b" />
    <keyboard-shortcut first-keystroke="escape" second-keystroke="left" />
  </action>
  <action id="Emacs+.CapitalizeWord">
    <keyboard-shortcut first-keystroke="alt c" />
    <keyboard-shortcut first-keystroke="escape" second-keystroke="c" />
  </action>
  <action id="Emacs+.CommentDwim">
    <keyboard-shortcut first-keystroke="alt semicolon" />
    <keyboard-shortcut first-keystroke="ctrl alt semicolon" />
    <keyboard-shortcut first-keystroke="escape" second-keystroke="semicolon" />
  </action>
  <action id="Emacs+.CommentIndentNew">
    <keyboard-shortcut first-keystroke="ctrl alt j" />
    <keyboard-shortcut first-keystroke="alt j" />
    <keyboard-shortcut first-keystroke="escape" second-keystroke="j" />
    <keyboard-shortcut first-keystroke="escape" second-keystroke="ctrl j" />
  </action>
  <action id="Emacs+.CommentKill">
    <keyboard-shortcut first-keystroke="ctrl u" second-keystroke="alt semicolon" />
    <keyboard-shortcut first-keystroke="ctrl u" second-keystroke="ctrl alt semicolon" />
  </action>
  <action id="Emacs+.CommentNextLine">
    <keyboard-shortcut first-keystroke="alt n" />
    <keyboard-shortcut first-keystroke="escape" second-keystroke="n" />
  </action>
  <action id="Emacs+.CommentPreviousLine">
    <keyboard-shortcut first-keystroke="alt p" />
    <keyboard-shortcut first-keystroke="escape" second-keystroke="p" />
  </action>
  <action id="Emacs+.CutLineBackwardKey">
    <keyboard-shortcut first-keystroke="alt minus" second-keystroke="ctrl k" />
  </action>
  <action id="Emacs+.DeleteBlankLines">
    <keyboard-shortcut first-keystroke="ctrl x" second-keystroke="ctrl o" />
  </action>
  <action id="Emacs+.DeleteHorizSpace">
    <keyboard-shortcut first-keystroke="alt back_slash" />
    <keyboard-shortcut first-keystroke="escape" second-keystroke="back_slash" />
  </action>
  <action id="Emacs+.DeleteIndentation">
    <keyboard-shortcut first-keystroke="shift alt 6" />
    <keyboard-shortcut first-keystroke="alt circumflex" />
  </action>
  <action id="Emacs+.DeleteOtherWindows">
    <keyboard-shortcut first-keystroke="ctrl x" second-keystroke="1" />
  </action>
  <action id="Emacs+.DowncaseWord">
    <keyboard-shortcut first-keystroke="alt l" />
    <keyboard-shortcut first-keystroke="escape" second-keystroke="l" />
  </action>
  <action id="Emacs+.ExchangePointAndMark">
    <keyboard-shortcut first-keystroke="ctrl x" second-keystroke="ctrl x" />
  </action>
  <action id="Emacs+.ForwardWord">
    <keyboard-shortcut first-keystroke="ctrl right" />
    <keyboard-shortcut first-keystroke="alt right" />
    <keyboard-shortcut first-keystroke="alt f" />
    <keyboard-shortcut first-keystroke="escape" second-keystroke="f" />
    <keyboard-shortcut first-keystroke="escape" second-keystroke="right" />
  </action>
  <action id="Emacs+.ISCase">
    <keyboard-shortcut first-keystroke="alt c" />
  </action>
  <action id="Emacs+.ISDeleteChar">
    <keyboard-shortcut first-keystroke="ctrl alt w" />
  </action>
  <action id="Emacs+.ISEnter">
    <keyboard-shortcut first-keystroke="enter" />
  </action>
  <action id="Emacs+.ISForwardDelete">
    <keyboard-shortcut first-keystroke="ctrl d" />
  </action>
  <action id="Emacs+.ISMultiLine">
    <keyboard-shortcut first-keystroke="alt m" />
  </action>
  <action id="Emacs+.ISRegex">
    <keyboard-shortcut first-keystroke="alt r" />
  </action>
  <action id="Emacs+.ISWords">
    <keyboard-shortcut first-keystroke="alt w" />
  </action>
  <action id="Emacs+.ISYankChar">
    <keyboard-shortcut first-keystroke="ctrl alt y" />
  </action>
  <action id="Emacs+.ISYankLast">
    <keyboard-shortcut first-keystroke="alt y" />
  </action>
  <action id="Emacs+.ISYankLine">
    <keyboard-shortcut first-keystroke="ctrl y" />
  </action>
  <action id="Emacs+.ISYankNextWord">
    <keyboard-shortcut first-keystroke="ctrl w" />
  </action>
  <action id="Emacs+.ISearchBackward">
    <keyboard-shortcut first-keystroke="ctrl r" />
  </action>
  <action id="Emacs+.ISearchBackwardRegexp">
    <keyboard-shortcut first-keystroke="ctrl alt r" />
  </action>
  <action id="Emacs+.ISearchForwardRegexp">
    <keyboard-shortcut first-keystroke="ctrl alt s" />
  </action>
  <action id="Emacs+.ISearchHistoryNext">
    <keyboard-shortcut first-keystroke="alt n" />
  </action>
  <action id="Emacs+.ISearchHistoryPrevious">
    <keyboard-shortcut first-keystroke="alt p" />
  </action>
  <action id="Emacs+.JustOneSpace">
    <keyboard-shortcut first-keystroke="alt space" />
    <keyboard-shortcut first-keystroke="escape" second-keystroke="space" />
  </action>
  <action id="Emacs+.KeyboardQuit">
    <keyboard-shortcut first-keystroke="ctrl g" />
  </action>
  <action id="Emacs+.KillLine">
    <keyboard-shortcut first-keystroke="ctrl k" />
  </action>
  <action id="Emacs+.KillRegion">
    <keyboard-shortcut first-keystroke="ctrl w" />
  </action>
  <action id="Emacs+.KillWholeLine">
    <keyboard-shortcut first-keystroke="shift ctrl back_space" />
  </action>
  <action id="Emacs+.KillWord">
    <keyboard-shortcut first-keystroke="alt d" />
    <keyboard-shortcut first-keystroke="ctrl delete" />
    <keyboard-shortcut first-keystroke="escape" second-keystroke="d" />
    <keyboard-shortcut first-keystroke="ctrl alt k" />
  </action>
  <action id="Emacs+.KillWordBackward">
    <keyboard-shortcut first-keystroke="alt delete" />
    <keyboard-shortcut first-keystroke="ctrl back_space" />
    <keyboard-shortcut first-keystroke="escape" second-keystroke="delete" />
    <keyboard-shortcut first-keystroke="ctrl alt delete" />
    <keyboard-shortcut first-keystroke="ctrl alt back_space" />
    <keyboard-shortcut first-keystroke="escape" second-keystroke="ctrl delete" />
    <keyboard-shortcut first-keystroke="escape" second-keystroke="ctrl back_space" />
  </action>
  <action id="Emacs+.QueryReplace">
    <keyboard-shortcut first-keystroke="shift alt 5" />
  </action>
  <action id="Emacs+.QueryReplaceRegexp">
    <keyboard-shortcut first-keystroke="shift ctrl alt 5" />
  </action>
  <action id="Emacs+.Recenter">
    <keyboard-shortcut first-keystroke="ctrl l" />
  </action>
  <action id="Emacs+.SaveRegion">
    <keyboard-shortcut first-keystroke="alt w" />
    <keyboard-shortcut first-keystroke="escape" second-keystroke="w" />
  </action>
  <action id="Emacs+.SwitchToBuffer">
    <keyboard-shortcut first-keystroke="ctrl x" second-keystroke="b" />
  </action>
  <action id="Emacs+.TWBegin">
    <keyboard-shortcut first-keystroke="shift alt comma" />
    <keyboard-shortcut first-keystroke="alt less" />
  </action>
  <action id="Emacs+.TWEnd">
    <keyboard-shortcut first-keystroke="shift alt period" />
    <keyboard-shortcut first-keystroke="alt greater" />
  </action>
  <action id="Emacs+.TWInterrupt">
    <keyboard-shortcut first-keystroke="ctrl g" />
    <keyboard-shortcut first-keystroke="ctrl x" second-keystroke="o" />
  </action>
  <action id="Emacs+.TWScrollDown">
    <keyboard-shortcut first-keystroke="alt v" />
  </action>
  <action id="Emacs+.TWScrollUp">
    <keyboard-shortcut first-keystroke="ctrl v" />
  </action>
  <action id="Emacs+.TWSelectNext">
    <keyboard-shortcut first-keystroke="ctrl n" />
  </action>
  <action id="Emacs+.TWSelectPrevious">
    <keyboard-shortcut first-keystroke="ctrl p" />
  </action>
  <action id="Emacs+.TransposeChars">
    <keyboard-shortcut first-keystroke="ctrl t" />
  </action>
  <action id="Emacs+.TransposeLines">
    <keyboard-shortcut first-keystroke="ctrl x" second-keystroke="ctrl t" />
  </action>
  <action id="Emacs+.TransposeWords">
    <keyboard-shortcut first-keystroke="alt t" />
  </action>
  <action id="Emacs+.UpcaseWord">
    <keyboard-shortcut first-keystroke="alt u" />
    <keyboard-shortcut first-keystroke="escape" second-keystroke="u" />
  </action>
  <action id="Emacs+.WhatCursorPos">
    <keyboard-shortcut first-keystroke="ctrl x" second-keystroke="equals" />
  </action>
  <action id="Emacs+.Yank">
    <keyboard-shortcut first-keystroke="ctrl y" />
  </action>
  <action id="Emacs+.YankPop">
    <keyboard-shortcut first-keystroke="alt y" />
    <keyboard-shortcut first-keystroke="escape" second-keystroke="y" />
  </action>
  <action id="EmacsStyleIndent">
    <keyboard-shortcut first-keystroke="alt i" />
  </action>
  <action id="EvaluateExpression">
    <keyboard-shortcut first-keystroke="ctrl c" second-keystroke="ctrl p" />
  </action>
  <action id="ExpandAll">
    <keyboard-shortcut first-keystroke="ctrl add" />
  </action>
  <action id="ExpandExpandableComponent">
    <keyboard-shortcut first-keystroke="shift enter" />
    <keyboard-shortcut first-keystroke="ctrl add" />
  </action>
  <action id="ExpandLiveTemplateByTab" />
  <action id="ExpandRegion">
    <keyboard-shortcut first-keystroke="ctrl add" />
  </action>
  <action id="FileChooser.TogglePathShowing">
    <keyboard-shortcut first-keystroke="ctrl x" second-keystroke="ctrl p" />
  </action>
  <action id="Find">
    <keyboard-shortcut first-keystroke="ctrl s" />
  </action>
  <action id="FindInPath">
    <keyboard-shortcut first-keystroke="alt s" />
  </action>
  <action id="FindNext">
    <keyboard-shortcut first-keystroke="alt s" />
  </action>
  <action id="FindPrevious" />
  <action id="FindUsages">
    <keyboard-shortcut first-keystroke="alt f7" />
  </action>
  <action id="Generate">
    <keyboard-shortcut first-keystroke="shift alt i" />
  </action>
  <action id="Git.Pull">
    <keyboard-shortcut first-keystroke="ctrl t" />
  </action>
  <action id="GotoAction">
    <keyboard-shortcut first-keystroke="alt x" />
  </action>
  <action id="GotoChangedFile" />
  <action id="GotoClass" />
  <action id="GotoDeclaration">
    <keyboard-shortcut first-keystroke="alt period" />
    <keyboard-shortcut first-keystroke="escape" second-keystroke="period" />
    <mouse-shortcut keystroke="control button1" />
  </action>
  <action id="GotoImplementation">
    <keyboard-shortcut first-keystroke="ctrl u" second-keystroke="alt period" />
  </action>
  <action id="GotoLine">
    <keyboard-shortcut first-keystroke="alt g" second-keystroke="g" />
    <keyboard-shortcut first-keystroke="alt g" second-keystroke="alt g" />
  </action>
  <action id="GotoNextError">
    <keyboard-shortcut first-keystroke="alt g" second-keystroke="n" />
    <keyboard-shortcut first-keystroke="alt g" second-keystroke="alt n" />
    <keyboard-shortcut first-keystroke="f2" />
    <keyboard-shortcut first-keystroke="ctrl x" second-keystroke="back_quote" />
  </action>
  <action id="HideActiveWindow">
    <keyboard-shortcut first-keystroke="ctrl x" second-keystroke="0" />
  </action>
  <action id="Images.Editor.ZoomIn">
    <keyboard-shortcut first-keystroke="ctrl add" />
  </action>
  <action id="Images.Editor.ZoomOut">
    <keyboard-shortcut first-keystroke="ctrl subtract" />
  </action>
  <action id="IntroduceParameter">
    <keyboard-shortcut first-keystroke="alt up" />
  </action>
  <action id="JumpToLastChange" />
  <action id="MaximizeToolWindow">
    <keyboard-shortcut first-keystroke="ctrl x" second-keystroke="1" />
  </action>
  <action id="MethodHierarchy" />
  <action id="MethodUp">
    <keyboard-shortcut first-keystroke="ctrl alt a" />
  </action>
  <action id="NewElement">
    <keyboard-shortcut first-keystroke="ctrl alt i" />
  </action>
  <action id="NewScratchFile">
    <keyboard-shortcut first-keystroke="shift ctrl alt i" />
  </action>
  <action id="NextParameter" />
  <action id="NextProjectWindow" />
  <action id="NextTemplateParameter" />
  <action id="NextTemplateVariable">
    <keyboard-shortcut first-keystroke="enter" />
    <keyboard-shortcut first-keystroke="ctrl m" />
  </action>
  <action id="PasteMultiple" />
  <action id="PerforceDirect.Edit" />
  <action id="PlaySavedMacrosAction">
    <keyboard-shortcut first-keystroke="shift ctrl x" second-keystroke="e" />
  </action>
  <action id="PlaybackLastMacro">
    <keyboard-shortcut first-keystroke="ctrl x" second-keystroke="e" />
  </action>
  <action id="RecentFiles" />
  <action id="ReformatCode">
    <keyboard-shortcut first-keystroke="ctrl alt back_slash" />
  </action>
  <action id="ReloadFromDisk">
    <keyboard-shortcut first-keystroke="ctrl x" second-keystroke="ctrl v" />
  </action>
  <action id="Replace" />
  <action id="Resume">
    <keyboard-shortcut first-keystroke="ctrl c" second-keystroke="ctrl r" />
  </action>
  <action id="Rider.Plugins.FSharp.DebugInFsi" />
  <action id="RunInspection" />
  <action id="RunToCursor">
    <keyboard-shortcut first-keystroke="ctrl c" second-keystroke="ctrl u" />
  </action>
  <action id="Scala.ShowImplicits">
    <keyboard-shortcut first-keystroke="shift ctrl alt equals" />
    <keyboard-shortcut first-keystroke="shift ctrl alt add" />
  </action>
  <action id="SearchEverywhere.CompleteCommand" />
  <action id="SearchEverywhere.NextTab" />
  <action id="ShowErrorDescription">
    <keyboard-shortcut first-keystroke="ctrl f1" />
    <keyboard-shortcut first-keystroke="f1" />
  </action>
  <action id="ShowUsages">
    <keyboard-shortcut first-keystroke="ctrl alt f7" />
    <keyboard-shortcut first-keystroke="shift alt s" />
  </action>
  <action id="StartStopMacroRecording">
    <keyboard-shortcut first-keystroke="f3" />
    <keyboard-shortcut first-keystroke="f4" />
  </action>
  <action id="StepInto">
    <keyboard-shortcut first-keystroke="ctrl c" second-keystroke="ctrl s" />
  </action>
  <action id="StepOver">
    <keyboard-shortcut first-keystroke="ctrl c" second-keystroke="ctrl n" />
  </action>
  <action id="Switcher" />
  <action id="ToggleBookmark">
    <keyboard-shortcut first-keystroke="ctrl f10" />
  </action>
  <action id="ToggleLineBreakpoint">
    <keyboard-shortcut first-keystroke="ctrl x" second-keystroke="space" />
  </action>
  <action id="ToggleTemporaryLineBreakpoint">
    <keyboard-shortcut first-keystroke="ctrl c" second-keystroke="ctrl t" />
  </action>
  <action id="Tool_External Tools_Emacs">
    <keyboard-shortcut first-keystroke="shift ctrl alt e" />
  </action>
  <action id="UML.ZoomIn">
    <keyboard-shortcut first-keystroke="ctrl add" />
  </action>
  <action id="UML.ZoomOut">
    <keyboard-shortcut first-keystroke="ctrl subtract" />
  </action>
  <action id="UnsplitAll" />
  <action id="Vcs.EditSource" />
  <action id="Vcs.QuickListPopupAction">
    <keyboard-shortcut first-keystroke="ctrl x" second-keystroke="v" />
  </action>
  <action id="Vcs.UpdateProject" />
  <action id="XDebugger.JumpToSource" />
  <action id="hg4idea.QGotoFromPatches" />
</keymap>